"HandbookEntry","ProjectTitle","Platform","ProjectURL","IconURL","LocalFile","Status","CheckedAt"
"Abyssal Ocean","Abyssal Ocean","CurseForge","https://www.curseforge.com/minecraft/mc-mods/abyssal-ocean","https://media.forgecdn.net/avatars/thumbnails/1980/941/256/256/639221990524261919.jpeg","abyssal-ocean.jpg","Downloaded","2026-10-10"
"Advanced Loot Info","Advanced Loot Info (ALI)","CurseForge","https://www.curseforge.com/minecraft/mc-mods/advanced-loot-info","https://media.forgecdn.net/avatars/thumbnails/1183/928/256/256/638757664474110500.png","advanced-loot-info.png","Downloaded","2026-10-10"
"Advanced Worldgen Info","Advanced Worldgen Info (AWI)","CurseForge","https://www.curseforge.com/minecraft/mc-mods/advanced-worldgen-info","https://media.forgecdn.net/avatars/thumbnails/1997/506/256/256/639228925892728993.png","advanced-worldgen-info.png","Downloaded","2026-10-10"
"Air Jump Enchantment","Air Jump Enchantment (Fabric/Forge/NeoForge/Quilt)","CurseForge","https://www.curseforge.com/minecraft/mc-mods/air-jump-enchantment","https://media.forgecdn.net/avatars/thumbnails/1329/205/256/256/638863959004785521.png","air-jump-enchantment.png","Downloaded","2026-10-10"
"Alchemia","Alchemia: Potion Crafting","CurseForge","https://www.curseforge.com/minecraft/mc-mods/alchemia-potion-crafting","https://media.forgecdn.net/avatars/thumbnails/2031/83/256/256/639243069465029246.webp","alchemia.png","Downloaded","2026-10-10"
"Alex's Caves","Alex's Caves","CurseForge","https://www.curseforge.com/minecraft/mc-mods/alexs-caves","https://media.forgecdn.net/avatars/thumbnails/891/449/256/256/638332962331987353.png","alex-s-caves.png","Downloaded","2026-10-10"
"Alex's Mobs","Alex's Mobs","CurseForge","https://www.curseforge.com/minecraft/mc-mods/alexs-mobs","https://media.forgecdn.net/avatars/thumbnails/543/777/256/256/637874731161865623.jpeg","alex-s-mobs.jpg","Downloaded","2026-10-10"
"Animal Garden collection","","","","","","Needs source match","2026-10-10"
"Animal Garden: Bull Shark","Animal Garden - Bull Shark","CurseForge","https://www.curseforge.com/minecraft/mc-mods/animal-garden-bull-shark","https://media.forgecdn.net/avatars/thumbnails/1475/844/256/256/638958039405346403_animated.gif","animal-garden-bull-shark.gif","Downloaded","2026-10-10"
"Animal Garden: Capybara","Animal Garden - Capybara","CurseForge","https://www.curseforge.com/minecraft/mc-mods/animal-garden-capybara","https://media.forgecdn.net/avatars/thumbnails/2057/693/256/256/639254413232476355_animated.gif","animal-garden-capybara.gif","Downloaded","2026-10-10"
"Animal Garden: Fennec Fox","Animal Garden - Fennec Fox","CurseForge","https://www.curseforge.com/minecraft/mc-mods/animal-garden-fennec-fox","https://media.forgecdn.net/avatars/thumbnails/1530/883/256/256/638994287446185342_animated.gif","animal-garden-fennec-fox.gif","Downloaded","2026-10-10"
"Animal Garden: Harp Seal","Animal Garden - Harp Seal","CurseForge","https://www.curseforge.com/minecraft/mc-mods/animal-garden-harp-seal","https://media.forgecdn.net/avatars/thumbnails/1696/446/256/256/639077085424642879_animated.gif","animal-garden-harp-seal.gif","Downloaded","2026-10-10"
"Animal Garden: Hippopotamus","Animal Garden - Hippopotamus","CurseForge","https://www.curseforge.com/minecraft/mc-mods/animal-garden-hippopotamus","https://media.forgecdn.net/avatars/thumbnails/1660/170/256/256/639057523535254585_animated.gif","animal-garden-hippopotamus.gif","Downloaded","2026-10-10"
"Animal Garden: Lion","Animal Garden - Lion","CurseForge","https://www.curseforge.com/minecraft/mc-mods/animal-garden-lion","https://media.forgecdn.net/avatars/thumbnails/1641/220/256/256/639049395975284688_animated.gif","animal-garden-lion.gif","Downloaded","2026-10-10"
"Animal Garden: Narwhal","Animal Garden - Narwhal","CurseForge","https://www.curseforge.com/minecraft/mc-mods/animal-garden-narwhal","https://media.forgecdn.net/avatars/thumbnails/1716/104/256/256/639091153047869015_animated.gif","animal-garden-narwhal.gif","Downloaded","2026-10-10"
"Animal Garden: Owl","Animal Garden - Owl","CurseForge","https://www.curseforge.com/minecraft/mc-mods/animal-garden-owl","https://media.forgecdn.net/avatars/thumbnails/1130/185/256/256/638689150959481871_animated.gif","animal-garden-owl.gif","Downloaded","2026-10-10"
"Animal Garden: Prairie Dog","Animal Garden - Prairie Dog","CurseForge","https://www.curseforge.com/minecraft/mc-mods/animal-garden-prairie-dog","https://media.forgecdn.net/avatars/thumbnails/1593/393/256/256/639030466560126286_animated.gif","animal-garden-prairie-dog.gif","Downloaded","2026-10-10"
"Animal Garden: Red Panda","Animal Garden - Red Panda","CurseForge","https://www.curseforge.com/minecraft/mc-mods/animal-garden-red-panda","https://media.forgecdn.net/avatars/thumbnails/1453/799/256/256/638943377236658167_animated.gif","animal-garden-red-panda.gif","Downloaded","2026-10-10"
"Animal Garden: Red River Hog","Animal Garden - Red River Hog","CurseForge","https://www.curseforge.com/minecraft/mc-mods/animal-garden-red-river-hog","https://media.forgecdn.net/avatars/thumbnails/1734/459/256/256/639103973000904928_animated.gif","animal-garden-red-river-hog.gif","Downloaded","2026-10-10"
"Animal Garden: Spotted Hyena","Animal Garden - Spotted Hyena","CurseForge","https://www.curseforge.com/minecraft/mc-mods/animal-garden-spotted-hyena","https://media.forgecdn.net/avatars/thumbnails/1481/921/256/256/638963239127877394_animated.gif","animal-garden-spotted-hyena.gif","Downloaded","2026-10-10"
"Animal Garden: Springhare","Animal Garden - Springhare","CurseForge","https://www.curseforge.com/minecraft/mc-mods/animal-garden-springhare","https://media.forgecdn.net/avatars/thumbnails/1684/805/256/256/639070173688979820_animated.gif","animal-garden-springhare.gif","Downloaded","2026-10-10"
"Animal Garden: Yellow Mongoose","Animal Garden - Yellow Mongoose","CurseForge","https://www.curseforge.com/minecraft/mc-mods/animal-garden-yellow-mongoose","https://media.forgecdn.net/avatars/thumbnails/1898/986/256/256/639186839119789220_animated.gif","animal-garden-yellow-mongoose.gif","Downloaded","2026-10-10"
"Animal Pen","Animal Pen","CurseForge","https://www.curseforge.com/minecraft/mc-mods/animalpen","https://media.forgecdn.net/avatars/thumbnails/1925/6/256/256/639198665559378954.png","animal-pen.png","Downloaded","2026-10-10"
"Antique Trading Ship","Antique Trading Ship","CurseForge","https://www.curseforge.com/minecraft/mc-mods/antique-trading-ship","https://media.forgecdn.net/avatars/thumbnails/1086/497/256/256/638628729014366294.jpg","antique-trading-ship.jpg","Downloaded","2026-10-10"
"AppleSkin","AppleSkin","CurseForge","https://www.curseforge.com/minecraft/mc-mods/appleskin","https://media.forgecdn.net/avatars/thumbnails/47/527/256/256/636066936394500688.png","appleskin.png","Downloaded","2026-10-10"
"Arcane Lanterns","Arcane Lanterns","CurseForge","https://www.curseforge.com/minecraft/mc-mods/arcane-lanterns","https://media.forgecdn.net/avatars/thumbnails/813/895/256/256/638188790307126690.png","arcane-lanterns.png","Downloaded","2026-10-10"
"Archers","Archers (RPG Series)","CurseForge","https://www.curseforge.com/minecraft/mc-mods/archers","https://media.forgecdn.net/avatars/thumbnails/902/96/256/256/638349902854298213.png","archers.png","Downloaded","2026-10-10"
"Armor Quick Swap","Armor Quick Swap","CurseForge","https://www.curseforge.com/minecraft/mc-mods/armor-quick-swap","https://media.forgecdn.net/avatars/thumbnails/1481/854/256/256/638963210413637081.png","armor-quick-swap.png","Downloaded","2026-10-10"
"Armor Statues","Armor Statues","CurseForge","https://www.curseforge.com/minecraft/mc-mods/armor-statues","https://media.forgecdn.net/avatars/thumbnails/857/659/256/256/638262418942158461.png","armor-statues.png","Downloaded","2026-10-10"
"Armor Trim Item Fix","Armor Trim Item Fix","CurseForge","https://www.curseforge.com/minecraft/mc-mods/armor-trim-item-fix","https://media.forgecdn.net/avatars/thumbnails/856/910/256/256/638260892137738596.png","armor-trim-item-fix.png","Downloaded","2026-10-10"
"Armored Foes","Armored Foes","CurseForge","https://www.curseforge.com/minecraft/mc-mods/armored-foes","https://media.forgecdn.net/avatars/thumbnails/1487/852/256/256/638966815772736530.png","armored-foes.png","Downloaded","2026-10-10"
"Armory","Armory (RPG Series)","CurseForge","https://www.curseforge.com/minecraft/mc-mods/armory-rpg-series","https://media.forgecdn.net/avatars/thumbnails/1366/634/256/256/638887397807538850.png","armory.png","Downloaded","2026-10-10"
"Arrow+","Arrow+","CurseForge","https://www.curseforge.com/minecraft/mc-mods/arrow","https://media.forgecdn.net/avatars/thumbnails/1379/136/256/256/638894652201397808.png","arrow.png","Downloaded","2026-10-10"
"Arsenal","Arsenal (RPG Series)","CurseForge","https://www.curseforge.com/minecraft/mc-mods/arsenal-rpg-series","https://media.forgecdn.net/avatars/thumbnails/1209/423/256/256/638786884201152032.png","arsenal.png","Downloaded","2026-10-10"
"Artifacts","Artifacts","CurseForge","https://www.curseforge.com/minecraft/mc-mods/artifacts","https://media.forgecdn.net/avatars/thumbnails/444/622/256/256/637699815276651872.png","artifacts.png","Downloaded","2026-10-10"
"ATi Structures: Vanilla Edition","ATi Structures - Vanilla Edition","CurseForge","https://www.curseforge.com/minecraft/mc-mods/ati-structures-datapack-vanilla","https://media.forgecdn.net/avatars/thumbnails/1135/222/256/256/638696361959570414.png","ati-structures-vanilla-edition.png","Downloaded","2026-10-10"
"Attack Speed Enchantment","Attack Speed Enchantment","CurseForge","https://www.curseforge.com/minecraft/mc-mods/attack-speed-enchantment","https://media.forgecdn.net/avatars/thumbnails/233/195/256/256/637070947896667532.png","attack-speed-enchantment.png","Downloaded","2026-10-10"
"Awesome Dungeon","Awesome Dungeon - NeoForge","CurseForge","https://www.curseforge.com/minecraft/mc-mods/awesome-dungeon-neoforge","https://media.forgecdn.net/avatars/thumbnails/1163/910/256/256/638733524232289893.png","awesome-dungeon.png","Downloaded","2026-10-10"
"Awesome Dungeon collection","","","","","","Needs source match","2026-10-10"
"Awesome Dungeon End Edition","Awesome Dungeon The End edition - Neoforge","CurseForge","https://www.curseforge.com/minecraft/mc-mods/awesome-dungeon-the-end-neoforge","https://media.forgecdn.net/avatars/thumbnails/1464/802/256/256/638950910782392351.png","awesome-dungeon-end-edition.png","Downloaded","2026-10-10"
"Awesome Dungeon Ocean Edition","Awesome Dungeon Ocean edition - Forge","CurseForge","https://www.curseforge.com/minecraft/mc-mods/awesome-dungeon-edition-ocean-forge","https://media.forgecdn.net/avatars/thumbnails/805/96/256/256/638171948289959538.jpeg","awesome-dungeon-ocean-edition.jpg","Downloaded","2026-10-10"
"Barricades","Barricades!","CurseForge","https://www.curseforge.com/minecraft/mc-mods/barricades","https://media.forgecdn.net/avatars/thumbnails/902/420/256/256/638350595260942075.png","barricades.png","Downloaded","2026-10-10"
"Better Combat","Better Combat","CurseForge","https://www.curseforge.com/minecraft/mc-mods/better-combat","https://media.forgecdn.net/avatars/thumbnails/35/972/256/256/635932598388493777.png","better-combat.png","Downloaded","2026-10-10"
"Better Nether","BetterNether: New Dawn","CurseForge","https://www.curseforge.com/minecraft/mc-mods/betternether-neoforge","https://media.forgecdn.net/avatars/thumbnails/1982/19/256/256/639222415246984162.png","better-nether.png","Downloaded","2026-10-10"
"Better Party","Better Party","CurseForge","https://www.curseforge.com/minecraft/mc-mods/better-party","https://media.forgecdn.net/avatars/thumbnails/1947/288/256/256/639207849537222552.jpg","better-party.jpg","Downloaded","2026-10-10"
"Better Respawn","Better Respawn","CurseForge","https://www.curseforge.com/minecraft/mc-mods/better-respawn","https://media.forgecdn.net/avatars/thumbnails/224/881/256/256/637036597080032307.png","better-respawn.png","Downloaded","2026-10-10"
"Better Revive","Better Revive","CurseForge","https://www.curseforge.com/minecraft/mc-mods/better-revive","https://media.forgecdn.net/avatars/thumbnails/1991/823/256/256/639226481698352509.jpg","better-revive.jpg","Downloaded","2026-10-10"
"Better Rotten Flesh","Better Rotten Flesh","CurseForge","https://www.curseforge.com/minecraft/mc-mods/better-rotten-flesh","https://media.forgecdn.net/avatars/thumbnails/904/41/256/256/638353937569676516.png","better-rotten-flesh.png","Downloaded","2026-10-10"
"Bifrost Teleport","Illustrative artwork; no official mod icon","User supplied","","","bifrost-teleport.png","User-provided artwork","2026-10-10"
"Biomes O' Plenty","Biomes O' Plenty","CurseForge","https://www.curseforge.com/minecraft/mc-mods/biomes-o-plenty","https://media.forgecdn.net/avatars/thumbnails/477/194/256/256/637771671789296797.png","biomes-o-plenty.png","Downloaded","2026-10-10"
"Blood Moon","Blood Moon Updated","CurseForge","https://www.curseforge.com/minecraft/mc-mods/blood-moon-updated","https://media.forgecdn.net/avatars/thumbnails/1829/865/256/256/639154827103516268.png","blood-moon.png","Downloaded","2026-10-10"
"Bosslike Ender Dragon","Bosslike Ender Dragon","CurseForge","https://www.curseforge.com/minecraft/mc-mods/bosslike-ender-dragon","https://media.forgecdn.net/avatars/thumbnails/2049/618/256/256/639251022873625401.png","bosslike-ender-dragon.png","Downloaded","2026-10-10"
"Charm of Undying: Reborn","Charm of Undying: Reborn","CurseForge","https://www.curseforge.com/minecraft/mc-mods/charm-of-undying-reborn","https://media.forgecdn.net/avatars/thumbnails/1939/501/256/256/639204641921362969.webp","charm-of-undying-reborn.png","Downloaded","2026-10-10"
"Clear End City","Clear End City","CurseForge","https://www.curseforge.com/minecraft/mc-mods/clear-end-city","https://media.forgecdn.net/avatars/thumbnails/1792/411/256/256/639135668566220716.png","clear-end-city.png","Downloaded","2026-10-10"
"Combat Roll","Combat Roll [Fabric & Forge]","CurseForge","https://www.curseforge.com/minecraft/mc-mods/combat-roll","https://media.forgecdn.net/avatars/thumbnails/610/552/256/256/637992878478315173.png","combat-roll.png","Downloaded","2026-10-10"
"Compact Villagers","Compact Villagers","CurseForge","https://www.curseforge.com/minecraft/mc-mods/compact-villagers","https://media.forgecdn.net/avatars/thumbnails/2081/370/256/256/639263639508727429.png","compact-villagers.png","Downloaded","2026-10-10"
"Companions: Dogfolk","Companions - Dogfolk","CurseForge","https://www.curseforge.com/minecraft/mc-mods/companions-dogfolk","https://media.forgecdn.net/avatars/thumbnails/1264/661/256/256/638823264467017908_animated.gif","companions-dogfolk.gif","Downloaded","2026-10-10"
"Controlling","Controlling","CurseForge","https://www.curseforge.com/minecraft/mc-mods/controlling","https://media.forgecdn.net/avatars/thumbnails/49/603/256/256/636079972364045115.png","controlling.png","Downloaded","2026-10-10"
"Coordinates Display","Coordinates Display","CurseForge","https://www.curseforge.com/minecraft/mc-mods/coordinates-display","https://media.forgecdn.net/avatars/thumbnails/1743/885/256/256/639109642833309531.png","coordinates-display.png","Downloaded","2026-10-10"
"Craftable Creatures Evolution","Craftable Creatures Evolution","CurseForge","https://www.curseforge.com/minecraft/mc-mods/craftable-creatures-evolution","https://media.forgecdn.net/avatars/thumbnails/2015/215/256/256/639236306491716301.png","craftable-creatures-evolution.png","Downloaded","2026-10-10"
"DarkSmithing","DarkSmithing - RPG Smithing Template Recipes (Armor Trims)","CurseForge","https://www.curseforge.com/minecraft/mc-mods/darksmithing","https://media.forgecdn.net/avatars/thumbnails/1589/441/256/256/639028282235448770.png","darksmithing.png","Downloaded","2026-10-10"
"Dedicated Elytra Slot","Dedicated Elytra Slot","CurseForge","https://www.curseforge.com/minecraft/mc-mods/dedicated-elytra-slot","https://media.forgecdn.net/avatars/thumbnails/1690/506/256/256/639073022772382892.png","dedicated-elytra-slot.png","Downloaded","2026-10-10"
"Display Delight","Display Delight","CurseForge","https://www.curseforge.com/minecraft/mc-mods/display-delight","https://media.forgecdn.net/avatars/thumbnails/1121/885/256/256/638677404619124575.png","display-delight.png","Downloaded","2026-10-10"
"Distinct Potions","Distinct Potions","CurseForge","https://www.curseforge.com/minecraft/mc-mods/distinct-potions","https://media.forgecdn.net/avatars/thumbnails/1836/655/256/256/639158109710134655.png","distinct-potions.png","Downloaded","2026-10-10"
"DnT Ancient City Overhaul","DnT Ancient City Overhaul","CurseForge","https://www.curseforge.com/minecraft/mc-mods/dnt-ancient-city-overhaul","https://media.forgecdn.net/avatars/thumbnails/1030/500/256/256/638552930490175786.png","dnt-ancient-city-overhaul.png","Downloaded","2026-10-10"
"DnT Mineshaft Overhaul","Dungeons and Taverns Mineshaft Overhaul","CurseForge","https://www.curseforge.com/minecraft/mc-mods/dungeons-and-taverns-mineshaft-overhaul","https://media.forgecdn.net/avatars/thumbnails/1728/657/256/256/639099951882246077.png","dnt-mineshaft-overhaul.png","Downloaded","2026-10-10"
"DnT Pillager Outpost Overhaul","DnT Pillager Outpost Overhaul","CurseForge","https://www.curseforge.com/minecraft/mc-mods/dnt-pillager-outpost-overhaul","https://media.forgecdn.net/avatars/thumbnails/1030/503/256/256/638552932068005210.png","dnt-pillager-outpost-overhaul.png","Downloaded","2026-10-10"
"DnT Stronghold Overhaul","DnT Stronghold Overhaul","CurseForge","https://www.curseforge.com/minecraft/mc-mods/dnt-stronghold-overhaul","https://media.forgecdn.net/avatars/thumbnails/1030/498/256/256/638552923379031769.png","dnt-stronghold-overhaul.png","Downloaded","2026-10-10"
"Double Hit Enchantment","Double Hit Enchantment  (Fabric/Forge/NeoForge/Quilt)","CurseForge","https://www.curseforge.com/minecraft/mc-mods/double-hit-enchantment","https://media.forgecdn.net/avatars/thumbnails/1688/51/256/256/639071863729923638.png","double-hit-enchantment.png","Downloaded","2026-10-10"
"Downfall Enchantment","Downfall Enchantment  (Fabric/Forge/NeoForge/Quilt)","CurseForge","https://www.curseforge.com/minecraft/mc-mods/downfall-enchantment","https://media.forgecdn.net/avatars/thumbnails/1688/52/256/256/639071863860486247.png","downfall-enchantment.png","Downloaded","2026-10-10"
"Dungeons and Taverns","Dungeons and Taverns","CurseForge","https://www.curseforge.com/minecraft/mc-mods/dungeon-and-taverns","https://media.forgecdn.net/avatars/thumbnails/1030/440/256/256/638552847053422154.png","dungeons-and-taverns.png","Downloaded","2026-10-10"
"Dungeons and Taverns overhauls","","","","","","Needs source match","2026-10-10"
"Dungeons Dimensions: Nether","Dungeons Dimensions: Nether","CurseForge","https://www.curseforge.com/minecraft/mc-mods/dungeons-dimensions-nether","https://media.forgecdn.net/avatars/thumbnails/1816/579/256/256/639148088248947547_animated.gif","dungeons-dimensions-nether.gif","Downloaded","2026-10-10"
"Easy Anvils","Easy Anvils","CurseForge","https://www.curseforge.com/minecraft/mc-mods/easy-anvils","https://media.forgecdn.net/avatars/thumbnails/1842/888/256/256/639160367568716921.png","easy-anvils.png","Downloaded","2026-10-10"
"Easy Magic","Easy Magic","CurseForge","https://www.curseforge.com/minecraft/mc-mods/easy-magic","https://media.forgecdn.net/avatars/thumbnails/776/154/256/256/638118060302729911.png","easy-magic.png","Downloaded","2026-10-10"
"Easy Shulker Boxes","Easy Shulker Boxes","CurseForge","https://www.curseforge.com/minecraft/mc-mods/easy-shulker-boxes","https://media.forgecdn.net/avatars/thumbnails/1858/570/256/256/639167682313366367.png","easy-shulker-boxes.png","Downloaded","2026-10-10"
"Effect Insights","Effect Insights","CurseForge","https://www.curseforge.com/minecraft/mc-mods/effect-insights","https://media.forgecdn.net/avatars/thumbnails/852/45/256/256/638254581264102767.png","effect-insights.png","Downloaded","2026-10-10"
"Effortless Building","Effortless Building","CurseForge","https://www.curseforge.com/minecraft/mc-mods/effortless-building","https://media.forgecdn.net/avatars/thumbnails/770/438/256/256/638108861511151408.png","effortless-building.png","Downloaded","2026-10-10"
"Elytra Trims","Elytra Trims","CurseForge","https://www.curseforge.com/minecraft/mc-mods/elytra-trims","https://media.forgecdn.net/avatars/thumbnails/834/579/256/256/638225413143731230.png","elytra-trims.png","Downloaded","2026-10-10"
"Enchanting Infuser","Enchanting Infuser","CurseForge","https://www.curseforge.com/minecraft/mc-mods/enchanting-infuser","https://media.forgecdn.net/avatars/thumbnails/1845/463/256/256/639161613545213543.png","enchanting-infuser.png","Downloaded","2026-10-10"
"Enchantment Insights","Enchantment Insights","CurseForge","https://www.curseforge.com/minecraft/mc-mods/enchantment-insights","https://media.forgecdn.net/avatars/thumbnails/1481/383/256/256/638962926565852074.png","enchantment-insights.png","Downloaded","2026-10-10"
"Enchantments collection","","","","","","Needs source match","2026-10-10"
"Ender Zoology","Ender Zoology","CurseForge","https://www.curseforge.com/minecraft/mc-mods/ender-zoology","https://media.forgecdn.net/avatars/thumbnails/813/501/256/256/638188024037550568.png","ender-zoology.png","Downloaded","2026-10-10"
"Expanded Delight","Expanded Delight","CurseForge","https://www.curseforge.com/minecraft/mc-mods/expanded-delight","https://media.forgecdn.net/avatars/thumbnails/1220/130/256/256/638798928454836278.png","expanded-delight.png","Downloaded","2026-10-10"
"Explorer's Compass","Explorer's Compass","CurseForge","https://www.curseforge.com/minecraft/mc-mods/explorers-compass","https://media.forgecdn.net/avatars/thumbnails/392/538/256/256/637586809619523367.png","explorer-s-compass.png","Downloaded","2026-10-10"
"Explorify","Explorify – Dungeons & Structures","CurseForge","https://www.curseforge.com/minecraft/mc-mods/explorify","https://media.forgecdn.net/avatars/thumbnails/656/579/256/256/638056688029543379.png","explorify.png","Downloaded","2026-10-10"
"Farmer's Delight","Farmer's Delight","CurseForge","https://www.curseforge.com/minecraft/mc-mods/farmers-delight","https://media.forgecdn.net/avatars/thumbnails/396/11/256/256/637595005615179370.png","farmer-s-delight.png","Downloaded","2026-10-10"
"FF Bandage","FFBandage","CurseForge","https://www.curseforge.com/minecraft/mc-mods/ffbandage","https://media.forgecdn.net/avatars/thumbnails/2077/205/256/256/639262074642542829.png","ff-bandage.png","Downloaded","2026-10-10"
"Fletching Recipe","Fletching Recipe","CurseForge","https://www.curseforge.com/minecraft/mc-mods/fletching-recipe","https://media.forgecdn.net/avatars/thumbnails/1477/724/256/256/638959650953221765.png","fletching-recipe.png","Downloaded","2026-10-10"
"Floating Damage Indicators","Floating Damage Indicators","CurseForge","https://www.curseforge.com/minecraft/mc-mods/floating-damage-indicators","https://media.forgecdn.net/avatars/thumbnails/1971/519/256/256/639217879178152424.png","floating-damage-indicators.png","Downloaded","2026-10-10"
"Food Effect Tooltips","Food Effect Tooltips (Forge)","CurseForge","https://www.curseforge.com/minecraft/mc-mods/food-effect-tooltips-forge","https://media.forgecdn.net/avatars/thumbnails/719/928/256/256/638076365122540737.png","food-effect-tooltips.png","Downloaded","2026-10-10"
"Functional Sculptures","Functional Statues","CurseForge","https://www.curseforge.com/minecraft/mc-mods/functional-statues","https://media.forgecdn.net/avatars/thumbnails/1989/656/256/256/639225593393664583.jpg","functional-sculptures.jpg","Downloaded","2026-10-10"
"Gateway of Doom","Gateway of Doom","CurseForge","https://www.curseforge.com/minecraft/mc-mods/gateway-of-doom","https://media.forgecdn.net/avatars/thumbnails/1991/680/256/256/639226424443058093.jpg","gateway-of-doom.jpg","Downloaded","2026-10-10"
"Gazebos","Gazebos (RPG Series)","CurseForge","https://www.curseforge.com/minecraft/mc-mods/gazebos","https://media.forgecdn.net/avatars/thumbnails/822/40/256/256/638204733066450716.png","gazebos.png","Downloaded","2026-10-10"
"Goblin Traders","Goblin Traders","CurseForge","https://www.curseforge.com/minecraft/mc-mods/goblin-traders","https://media.forgecdn.net/avatars/thumbnails/871/321/256/256/638288811545199466.png","goblin-traders.png","Downloaded","2026-10-10"
"Golden Hopper","Golden Hopper","CurseForge","https://www.curseforge.com/minecraft/mc-mods/golden-hopper","https://media.forgecdn.net/avatars/thumbnails/871/333/256/256/638288818623012718.png","golden-hopper.png","Downloaded","2026-10-10"
"Guard Ribbits","Guard Ribbits","CurseForge","https://www.curseforge.com/minecraft/mc-mods/guard-ribbits","https://media.forgecdn.net/avatars/thumbnails/1125/955/256/256/638683447535252235.png","guard-ribbits.png","Downloaded","2026-10-10"
"Guard Villagers","Guard Villagers","CurseForge","https://www.curseforge.com/minecraft/mc-mods/guard-villagers","https://media.forgecdn.net/avatars/thumbnails/280/785/256/256/637283115951339629.png","guard-villagers.png","Downloaded","2026-10-10"
"Harder Natural Healing","Harder Natural Healing","CurseForge","https://www.curseforge.com/minecraft/mc-mods/harder-natural-healing","https://media.forgecdn.net/avatars/thumbnails/314/567/256/256/637412843536820786.png","harder-natural-healing.png","Downloaded","2026-10-10"
"Hopo Better Underwater Ruins","Hopo Better Underwater Ruins","CurseForge","https://www.curseforge.com/minecraft/mc-mods/hopo-better-underwater-ruins","https://media.forgecdn.net/avatars/thumbnails/901/978/256/256/638349777238562273.png","hopo-better-underwater-ruins.png","Downloaded","2026-10-10"
"Hopper Gadgetry","Hopper Gadgetry","CurseForge","https://www.curseforge.com/minecraft/mc-mods/hopper-gadgetry","https://media.forgecdn.net/avatars/thumbnails/1248/846/256/256/638815293359738372.png","hopper-gadgetry.png","Downloaded","2026-10-10"
"Hovering Hotbar","Hovering Hotbar","CurseForge","https://www.curseforge.com/minecraft/mc-mods/hovering-hotbar","https://media.forgecdn.net/avatars/thumbnails/1847/767/256/256/639162647595110864.png","hovering-hotbar.png","Downloaded","2026-10-10"
"Ice Enchantments","Ice Enchantments","CurseForge","https://www.curseforge.com/minecraft/mc-mods/ice-enchantments","https://media.forgecdn.net/avatars/thumbnails/976/956/256/256/638481067442605068.png","ice-enchantments.png","Downloaded","2026-10-10"
"Illager Invasion","Illager Invasion","CurseForge","https://www.curseforge.com/minecraft/mc-mods/illager-invasion","https://media.forgecdn.net/avatars/thumbnails/852/43/256/256/638254581220112832.png","illager-invasion.png","Downloaded","2026-10-10"
"Improved Village Placement","Improved Village Placement","CurseForge","https://www.curseforge.com/minecraft/mc-mods/improved-village-placement","https://media.forgecdn.net/avatars/thumbnails/1152/505/256/256/638720612266290773.png","improved-village-placement.png","Downloaded","2026-10-10"
"Invasion","Invasion-Mod (Fork)","CurseForge","https://www.curseforge.com/minecraft/mc-mods/invasion-mod-unofficial","https://media.forgecdn.net/avatars/thumbnails/1947/974/256/256/639208174058710290.png","invasion.png","Downloaded","2026-10-10"
"Iourus Races","Iourus Races","CurseForge","https://www.curseforge.com/minecraft/mc-mods/iourus-races","https://media.forgecdn.net/avatars/thumbnails/2027/733/256/256/639241673856549238.png","iourus-races.png","Downloaded","2026-10-10"
"Iris","Iris Shaders","CurseForge","https://www.curseforge.com/minecraft/mc-mods/irisshaders","https://media.forgecdn.net/avatars/thumbnails/1002/450/256/256/638522657871453967.png","iris.png","Downloaded","2026-10-10"
"Iron Wolf Armor","Iron Wolf Armor","CurseForge","https://www.curseforge.com/minecraft/mc-mods/iron-wolf-armor","https://media.forgecdn.net/avatars/thumbnails/1865/650/256/256/639170697237997815.png","iron-wolf-armor.png","Downloaded","2026-10-10"
"It Takes a Pillage","It Takes a Pillage","CurseForge","https://www.curseforge.com/minecraft/mc-mods/it-takes-a-pillage","https://media.forgecdn.net/avatars/thumbnails/561/769/256/256/637914383465201197.png","it-takes-a-pillage.png","Downloaded","2026-10-10"
"Jade","Jade 🔍","CurseForge","https://www.curseforge.com/minecraft/mc-mods/jade","https://media.forgecdn.net/avatars/thumbnails/207/323/256/256/636965628804677340.png","jade.png","Downloaded","2026-10-10"
"JEI Trades","JEI / REI Trades","CurseForge","https://www.curseforge.com/minecraft/mc-mods/jei-trades","https://media.forgecdn.net/avatars/thumbnails/1840/114/256/256/639159535617107335.png","jei-trades.png","Downloaded","2026-10-10"
"Jewelry","Jewelry (RPG Series)","CurseForge","https://www.curseforge.com/minecraft/mc-mods/jewelry","https://media.forgecdn.net/avatars/thumbnails/874/746/256/256/638296236288128550.png","jewelry.png","Downloaded","2026-10-10"
"Just Enough Filters","Just Enough Filters (JEF)","CurseForge","https://www.curseforge.com/minecraft/mc-mods/just-enough-filters","https://media.forgecdn.net/avatars/thumbnails/1653/401/256/256/639054543628254870.jpg","just-enough-filters.jpg","Downloaded","2026-10-10"
"Just Enough Items","Just Enough Items (JEI)","CurseForge","https://www.curseforge.com/minecraft/mc-mods/jei","https://media.forgecdn.net/avatars/thumbnails/29/69/256/256/635838945588716414.jpeg","just-enough-items.jpg","Downloaded","2026-10-10"
"Kaleidoscope Cookery","Kaleidoscope Cookery","CurseForge","https://www.curseforge.com/minecraft/mc-mods/kaleidoscope-cookery","https://media.forgecdn.net/avatars/thumbnails/1361/462/256/256/638884307253099520.png","kaleidoscope-cookery.png","Downloaded","2026-10-10"
"Kingdom Cats Replacer","Cute Cats","CurseForge","https://www.curseforge.com/minecraft/mc-mods/cute-cats","https://media.forgecdn.net/avatars/thumbnails/1949/391/256/256/639208717256747969.png","kingdom-cats-replacer.png","Downloaded","2026-10-10"
"Life Steal Enchantment","Life Steal Enchantment","CurseForge","https://www.curseforge.com/minecraft/mc-mods/life-steal-enchantment","https://media.forgecdn.net/avatars/thumbnails/511/905/256/256/637831409266331875.png","life-steal-enchantment.png","Downloaded","2026-10-10"
"Linked Chests","Linked Chests","CurseForge","https://www.curseforge.com/minecraft/mc-mods/linked-chests","https://media.forgecdn.net/avatars/thumbnails/1258/9/256/256/638819409980201418.png","linked-chests.png","Downloaded","2026-10-10"
"Lullaby's Mobs","Lullaby's Mobs (Fabric/Forge/NeoForge/Quilt)","CurseForge","https://www.curseforge.com/minecraft/mc-mods/lullabys-mobs","https://media.forgecdn.net/avatars/thumbnails/1323/213/256/256/638860280007277425.png","lullaby-s-mobs.png","Downloaded","2026-10-10"
"Ly-Fangs Enchantment","Fangs Enchantment! (Fabric/Forge/NeoForge/Quilt)","CurseForge","https://www.curseforge.com/minecraft/mc-mods/ly-fangs-enchantment","https://media.forgecdn.net/avatars/thumbnails/1528/16/256/256/638992399943459233.png","ly-fangs-enchantment.png","Downloaded","2026-10-10"
"Macaw's Bridges","Macaw's Bridges","CurseForge","https://www.curseforge.com/minecraft/mc-mods/macaws-bridges","https://media.forgecdn.net/avatars/thumbnails/237/234/256/256/637098539787193844.jpeg","macaw-s-bridges.jpg","Downloaded","2026-10-10"
"Macaw's building collection","","","","","","Needs source match","2026-10-10"
"Macaw's Doors","Macaw's Doors","CurseForge","https://www.curseforge.com/minecraft/mc-mods/macaws-doors","https://media.forgecdn.net/avatars/thumbnails/303/442/256/256/637372493411502504.jpeg","macaw-s-doors.jpg","Downloaded","2026-10-10"
"Macaw's Fences and Walls","Macaw's Fences and Walls","CurseForge","https://www.curseforge.com/minecraft/mc-mods/macaws-fences-and-walls","https://media.forgecdn.net/avatars/thumbnails/351/704/256/256/637506435866467167.png","macaw-s-fences-and-walls.png","Downloaded","2026-10-10"
"Macaw's Furniture","Macaw's Furniture","CurseForge","https://www.curseforge.com/minecraft/mc-mods/macaws-furniture","https://media.forgecdn.net/avatars/thumbnails/1511/553/256/256/638981785016795309.jpg","macaw-s-furniture.jpg","Downloaded","2026-10-10"
"Macaw's Holidays","Macaw's Holidays","CurseForge","https://www.curseforge.com/minecraft/mc-mods/macaws-holidays","https://media.forgecdn.net/avatars/thumbnails/922/691/256/256/638388433298976722.png","macaw-s-holidays.png","Downloaded","2026-10-10"
"Macaw's Lights and Lamps","Macaw's Lights and Lamps","CurseForge","https://www.curseforge.com/minecraft/mc-mods/macaws-lights-and-lamps","https://media.forgecdn.net/avatars/thumbnails/1018/353/256/256/638544982594670903.png","macaw-s-lights-and-lamps.png","Downloaded","2026-10-10"
"Macaw's Paintings","Macaw's Paintings","CurseForge","https://www.curseforge.com/minecraft/mc-mods/macaws-paintings","https://media.forgecdn.net/avatars/thumbnails/1735/390/256/256/639104639630438236.png","macaw-s-paintings.png","Downloaded","2026-10-10"
"Macaw's Paths and Pavings","Macaw's Paths and Pavings","CurseForge","https://www.curseforge.com/minecraft/mc-mods/macaws-paths-and-pavings","https://media.forgecdn.net/avatars/thumbnails/937/771/256/256/638416317989163538.png","macaw-s-paths-and-pavings.png","Downloaded","2026-10-10"
"Macaw's Roofs","Macaw's Roofs","CurseForge","https://www.curseforge.com/minecraft/mc-mods/macaws-roofs","https://media.forgecdn.net/avatars/thumbnails/598/801/256/256/637977355903879047.jpeg","macaw-s-roofs.jpg","Downloaded","2026-10-10"
"Macaw's Stairs","Macaw's Stairs","CurseForge","https://www.curseforge.com/minecraft/mc-mods/macaws-stairs","https://media.forgecdn.net/avatars/thumbnails/1096/608/256/256/638642374680439325.png","macaw-s-stairs.png","Downloaded","2026-10-10"
"Macaw's Trapdoors","Macaw's Trapdoors","CurseForge","https://www.curseforge.com/minecraft/mc-mods/macaws-trapdoors","https://media.forgecdn.net/avatars/thumbnails/292/157/256/256/637324647329746340.jpeg","macaw-s-trapdoors.jpg","Downloaded","2026-10-10"
"Macaw's Windows","Macaw's Windows","CurseForge","https://www.curseforge.com/minecraft/mc-mods/macaws-windows","https://media.forgecdn.net/avatars/thumbnails/877/195/256/256/638302089747019943.png","macaw-s-windows.png","Downloaded","2026-10-10"
"Market Board","The Market Board","CurseForge","https://www.curseforge.com/minecraft/mc-mods/market-board","https://media.forgecdn.net/avatars/thumbnails/1697/732/256/256/639078020615885695.png","market-board.png","Downloaded","2026-10-10"
"Moblets","Moblets!  (tameable baby mobs)","CurseForge","https://www.curseforge.com/minecraft/mc-mods/moblets","https://media.forgecdn.net/avatars/thumbnails/2026/17/256/256/639240931768040432.png","moblets.png","Downloaded","2026-10-10"
"Moog's Bountiful Structures","MBS - Moog's Bountiful Structures","CurseForge","https://www.curseforge.com/minecraft/mc-mods/mbs-moogs-bountiful-structures","https://media.forgecdn.net/avatars/thumbnails/1736/723/256/256/639105562499405210.png","moog-s-bountiful-structures.png","Downloaded","2026-10-10"
"Moog's End Structures","MES - Moog's End Structures","CurseForge","https://www.curseforge.com/minecraft/mc-mods/moogs-end-structures","https://media.forgecdn.net/avatars/thumbnails/869/886/256/256/638285725964513688.png","moog-s-end-structures.png","Downloaded","2026-10-10"
"Moog's Nether Structures","MNS - Moog's Nether Structures","CurseForge","https://www.curseforge.com/minecraft/mc-mods/mns-moogs-nether-structures","https://media.forgecdn.net/avatars/thumbnails/939/604/256/256/638419616560253774.png","moog-s-nether-structures.png","Downloaded","2026-10-10"
"Moog's Ocean Structures","MOS - Moog's Ocean Structures","CurseForge","https://www.curseforge.com/minecraft/mc-mods/mos-moogs-ocean-structures","https://media.forgecdn.net/avatars/thumbnails/1948/203/256/256/639208309500950132.png","moog-s-ocean-structures.png","Downloaded","2026-10-10"
"Moog's structure collection","","","","","","Needs source match","2026-10-10"
"Moog's Temples Reimagined","MTR - Moog's Temples Reimagined","CurseForge","https://www.curseforge.com/minecraft/mc-mods/mtr-moogs-temples-reimagined","https://media.forgecdn.net/avatars/thumbnails/1441/430/256/256/638934556208698896.webp","moog-s-temples-reimagined.png","Downloaded","2026-10-10"
"Moog's Voyager Structures","MVS - Moog's Voyager Structures","CurseForge","https://www.curseforge.com/minecraft/mc-mods/moogs-voyager-structures","https://media.forgecdn.net/avatars/thumbnails/869/885/256/256/638285724433169131.png","moog-s-voyager-structures.png","Downloaded","2026-10-10"
"Mounts and Monsters","Mounts & Monsters","CurseForge","https://www.curseforge.com/minecraft/mc-mods/mounts-monsters","https://media.forgecdn.net/avatars/thumbnails/2028/860/256/256/639242178703763154.png","mounts-and-monsters.png","Downloaded","2026-10-10"
"Much More Dungeons","Much More Dungeons","CurseForge","https://www.curseforge.com/minecraft/mc-mods/much-more-dungeons","https://media.forgecdn.net/avatars/thumbnails/1735/958/256/256/639104977833181905.png","much-more-dungeons.png","Downloaded","2026-10-10"
"Mutants and Zombies","Mutants and Zombies","CurseForge","https://www.curseforge.com/minecraft/mc-mods/mutants-and-zombies","https://media.forgecdn.net/avatars/thumbnails/1489/121/256/256/638967592931184371.png","mutants-and-zombies.png","Downloaded","2026-10-10"
"Name Tag Upgrade","Name Tag Upgrade","CurseForge","https://www.curseforge.com/minecraft/mc-mods/name-tag-upgrade","https://media.forgecdn.net/avatars/thumbnails/1841/561/256/256/639159805713172369.png","name-tag-upgrade.png","Downloaded","2026-10-10"
"Nameless Trinkets","Nameless Trinkets","CurseForge","https://www.curseforge.com/minecraft/mc-mods/nameless-trinkets","https://media.forgecdn.net/avatars/thumbnails/1180/32/256/256/638753189498704993.png","nameless-trinkets.png","Downloaded","2026-10-10"
"Naturally Trimmed","Naturally Trimmed","CurseForge","https://www.curseforge.com/minecraft/mc-mods/naturally-trimmed","https://media.forgecdn.net/avatars/thumbnails/1254/631/256/256/638817980376422193.png","naturally-trimmed.png","Downloaded","2026-10-10"
"Nature's Compass","Nature's Compass","CurseForge","https://www.curseforge.com/minecraft/mc-mods/natures-compass","https://media.forgecdn.net/avatars/thumbnails/54/102/256/256/636131217371752080.png","nature-s-compass.png","Downloaded","2026-10-10"
"No Crop Destruction","No Crop Destruction","CurseForge","https://www.curseforge.com/minecraft/mc-mods/no-crop-destruction","https://media.forgecdn.net/avatars/thumbnails/2002/27/256/256/639230793990934876.png","no-crop-destruction.png","Downloaded","2026-10-10"
"Nullscape","Nullscape","CurseForge","https://www.curseforge.com/minecraft/mc-mods/nullscape","https://media.forgecdn.net/avatars/thumbnails/482/986/256/256/637782351378079841.png","nullscape.png","Downloaded","2026-10-10"
"Ocean Lily Pad Village","Ocean Lily Pad Village","CurseForge","https://www.curseforge.com/minecraft/mc-mods/ocean-lily-pad-village","https://media.forgecdn.net/avatars/thumbnails/1541/596/256/256/639000700495417757.png","ocean-lily-pad-village.png","Downloaded","2026-10-10"
"OneKeyMiner","OneKeyMiner","CurseForge","https://www.curseforge.com/minecraft/mc-mods/onekeyminer","https://media.forgecdn.net/avatars/thumbnails/551/51/256/256/637888232887414051.png","onekeyminer.png","Downloaded","2026-10-10"
"Overflowing Bars","Overflowing Bars","CurseForge","https://www.curseforge.com/minecraft/mc-mods/overflowing-bars","https://media.forgecdn.net/avatars/thumbnails/1859/560/256/256/639168060736309025.png","overflowing-bars.png","Downloaded","2026-10-10"
"Paladins & Priests","Paladins & Priests (RPG Series)","CurseForge","https://www.curseforge.com/minecraft/mc-mods/paladins-and-priests","https://media.forgecdn.net/avatars/thumbnails/811/802/256/256/638184759029816524.png","paladins-priests.png","Downloaded","2026-10-10"
"Paper Doll","Paper Doll","CurseForge","https://www.curseforge.com/minecraft/mc-mods/paper-doll","https://media.forgecdn.net/avatars/thumbnails/206/618/256/256/636958905920781808.png","paper-doll.png","Downloaded","2026-10-10"
"Party Creepers","Party Creepers","CurseForge","https://www.curseforge.com/minecraft/mc-mods/party-creepers","https://media.forgecdn.net/avatars/thumbnails/1487/416/256/256/638966597716759037.png","party-creepers.png","Downloaded","2026-10-10"
"PatPat","PatPat [Mod]","CurseForge","https://www.curseforge.com/minecraft/mc-mods/patpat","https://media.forgecdn.net/avatars/thumbnails/1083/364/256/256/638624153598755617.png","patpat.png","Downloaded","2026-10-10"
"Pet Status","Pet Status | Remote Pet Tracker","CurseForge","https://www.curseforge.com/minecraft/mc-mods/pet-status","https://media.forgecdn.net/avatars/thumbnails/2028/169/256/256/639241896496284948.png","pet-status.png","Downloaded","2026-10-10"
"Pet Vault","Pet Vault","CurseForge","https://www.curseforge.com/minecraft/mc-mods/pet-vault","https://media.forgecdn.net/avatars/thumbnails/1929/679/256/256/639200650066767455.png","pet-vault.png","Downloaded","2026-10-10"
"PlayerRevive","PlayerRevive","CurseForge","https://www.curseforge.com/minecraft/mc-mods/playerrevive","https://media.forgecdn.net/avatars/thumbnails/97/938/256/256/636295724985402020.png","playerrevive.png","Downloaded","2026-10-10"
"Potion Time Stacker","Potion Time Stacker","CurseForge","https://www.curseforge.com/minecraft/mc-mods/potion-time-stacker","https://media.forgecdn.net/avatars/thumbnails/1886/847/256/256/639180809763643085.png","potion-time-stacker.png","Downloaded","2026-10-10"
"Potions Stack","Potions Stack","CurseForge","https://www.curseforge.com/minecraft/mc-mods/potions-stack","https://media.forgecdn.net/avatars/thumbnails/1199/243/256/256/638775707028187277.png","potions-stack.png","Downloaded","2026-10-10"
"Pro Placer","Pro Placer","CurseForge","https://www.curseforge.com/minecraft/mc-mods/pro-placer","https://media.forgecdn.net/avatars/thumbnails/296/633/256/256/637341458124824151.png","pro-placer.png","Downloaded","2026-10-10"
"Pufferfish's Skills","Pufferfish's Skills [Fabric & Forge & NeoForge]","CurseForge","https://www.curseforge.com/minecraft/mc-mods/puffish-skills","https://media.forgecdn.net/avatars/thumbnails/786/631/256/256/638138098303113835.png","pufferfish-s-skills.png","Downloaded","2026-10-10"
"Puffsprout","Puffsprout","CurseForge","https://www.curseforge.com/minecraft/mc-mods/puffsprout","https://media.forgecdn.net/avatars/thumbnails/1927/599/256/256/639199805309323760.png","puffsprout.png","Downloaded","2026-10-10"
"Quick Skin","Quick Skin","CurseForge","https://www.curseforge.com/minecraft/mc-mods/quick-skin","https://media.forgecdn.net/avatars/thumbnails/1405/895/256/256/638911102969438084_animated.gif","quick-skin.gif","Downloaded","2026-10-10"
"Relics","Relics (RPG Series)","CurseForge","https://www.curseforge.com/minecraft/mc-mods/relics-rpg","https://media.forgecdn.net/avatars/thumbnails/1182/468/256/256/638755947838226624.png","relics.png","Downloaded","2026-10-10"
"Ribbits","Ribbits","CurseForge","https://www.curseforge.com/minecraft/mc-mods/ribbits","https://media.forgecdn.net/avatars/thumbnails/1013/839/256/256/638538895773776677.png","ribbits.png","Downloaded","2026-10-10"
"Rogues & Warriors","Rogues & Warriors (RPG Series)","CurseForge","https://www.curseforge.com/minecraft/mc-mods/rogues-and-warriors","https://media.forgecdn.net/avatars/thumbnails/1024/943/256/256/638548263245763110.png","rogues-warriors.png","Downloaded","2026-10-10"
"RPG classes","","","","","","Needs source match","2026-10-10"
"Runes","Enchanting Runes","CurseForge","https://www.curseforge.com/minecraft/mc-mods/runes","https://media.forgecdn.net/avatars/thumbnails/421/247/256/256/637648617776427047.png","runes.png","Downloaded","2026-10-10"
"Scalar RPG Utils","Scalar RPG Utils","CurseForge","https://www.curseforge.com/minecraft/mc-mods/scalar-rpg-utils","https://media.forgecdn.net/avatars/thumbnails/1536/89/256/256/638997273786013815.png","scalar-rpg-utils.png","Downloaded","2026-10-10"
"Seaworthy Boats","Seaworthy Boats","CurseForge","https://www.curseforge.com/minecraft/mc-mods/seaworthy-boats","https://media.forgecdn.net/avatars/thumbnails/1891/933/256/256/639183331944438408.png","seaworthy-boats.png","Downloaded","2026-10-10"
"Serene Seasons","Serene Seasons","CurseForge","https://www.curseforge.com/minecraft/mc-mods/serene-seasons","https://media.forgecdn.net/avatars/thumbnails/881/200/256/256/638311173747555092.png","serene-seasons.png","Downloaded","2026-10-10"
"Shield Upgrades","Shield Upgrades (Fabric/Forge/NeoForge/Quilt)","CurseForge","https://www.curseforge.com/minecraft/mc-mods/shield-upgrades","https://media.forgecdn.net/avatars/thumbnails/1635/441/256/256/639047235625818439.png","shield-upgrades.png","Downloaded","2026-10-10"
"Show My Recipes","Show My Recipes!","CurseForge","https://www.curseforge.com/minecraft/mc-mods/show-my-recipes","https://media.forgecdn.net/avatars/thumbnails/1593/216/256/256/639030365144890326.png","show-my-recipes.png","Downloaded","2026-10-10"
"Shroomcraft","Shroomcrafted","CurseForge","https://www.curseforge.com/minecraft/mc-mods/shroomcrafted","https://media.forgecdn.net/avatars/thumbnails/1490/485/256/256/638968493409410886.png","shroomcraft.png","Downloaded","2026-10-10"
"SimpleHats Lite","SimpleHats-Lite","CurseForge","https://www.curseforge.com/minecraft/mc-mods/simplehats-lite","https://media.forgecdn.net/avatars/thumbnails/2038/192/256/256/639246362141514374.png","simplehats-lite.png","Downloaded","2026-10-10"
"Skill Perks","Skill Perks","CurseForge","https://www.curseforge.com/minecraft/mc-mods/skill-perks","https://media.forgecdn.net/avatars/thumbnails/2031/900/256/256/639243335626950639.png","skill-perks.png","Downloaded","2026-10-10"
"Skill Tree (RPG Series)","Skill Tree (RPG Series)","CurseForge","https://www.curseforge.com/minecraft/mc-mods/skill-tree","https://media.forgecdn.net/avatars/thumbnails/1366/530/256/256/638887340718257592.png","skill-tree-rpg-series.png","Downloaded","2026-10-10"
"Sodium","Sodium","CurseForge","https://www.curseforge.com/minecraft/mc-mods/sodium","https://media.forgecdn.net/avatars/thumbnails/284/773/256/256/637298471098686391.png","sodium.png","Downloaded","2026-10-10"
"Somnora","Somnora","CurseForge","https://www.curseforge.com/minecraft/mc-mods/somnora","https://media.forgecdn.net/avatars/thumbnails/1985/346/256/256/639223879423421672.png","somnora.png","Downloaded","2026-10-10"
"Sophisticated Backpacks","Sophisticated Backpacks","CurseForge","https://www.curseforge.com/minecraft/mc-mods/sophisticated-backpacks","https://media.forgecdn.net/avatars/thumbnails/375/56/256/256/637549610342642859.png","sophisticated-backpacks.png","Downloaded","2026-10-10"
"Sophisticated Inventory Interactions","Sophisticated Inventory Interactions","CurseForge","https://www.curseforge.com/minecraft/mc-mods/sophisticated-inventory-interactions","https://media.forgecdn.net/avatars/thumbnails/1723/371/256/256/639096405522257327.png","sophisticated-inventory-interactions.png","Downloaded","2026-10-10"
"Sophisticated Item Actions","Sophisticated Item Actions","CurseForge","https://www.curseforge.com/minecraft/mc-mods/sophisticated-item-actions","https://media.forgecdn.net/avatars/thumbnails/1592/141/256/256/639029792005864738.png","sophisticated-item-actions.png","Downloaded","2026-10-10"
"Spell Engine","Spell Engine","CurseForge","https://www.curseforge.com/minecraft/mc-mods/spell-engine","https://media.forgecdn.net/avatars/thumbnails/753/74/256/256/638091323857070135.png","spell-engine.png","Downloaded","2026-10-10"
"Spiky Enchantment","Spiky Enchantment (Fabric/Forge/NeoForge/Quilt)","CurseForge","https://www.curseforge.com/minecraft/mc-mods/spiky-enchantment","https://media.forgecdn.net/avatars/thumbnails/1527/999/256/256/638992390608074488.png","spiky-enchantment.png","Downloaded","2026-10-10"
"Starcatcher","Starcatcher","CurseForge","https://www.curseforge.com/minecraft/mc-mods/starcatcher","https://media.forgecdn.net/avatars/thumbnails/1463/902/256/256/638950258043549784.png","starcatcher.png","Downloaded","2026-10-10"
"Stellarity","Stellarity","CurseForge","https://www.curseforge.com/minecraft/mc-mods/stellarity","https://media.forgecdn.net/avatars/thumbnails/1144/349/256/256/638709931718398352.png","stellarity.png","Downloaded","2026-10-10"
"Stonecutting Upgrade","Stonecutting Upgrade","CurseForge","https://www.curseforge.com/minecraft/mc-mods/stonecutting-upgrade","https://media.forgecdn.net/avatars/thumbnails/1839/88/256/256/639159117088039782.png","stonecutting-upgrade.png","Downloaded","2026-10-10"
"Stoneworks","Stoneworks","CurseForge","https://www.curseforge.com/minecraft/mc-mods/stoneworks","https://media.forgecdn.net/avatars/thumbnails/1260/626/256/256/638820762326508281.png","stoneworks.png","Downloaded","2026-10-10"
"Target Dummy","Target Dummy","CurseForge","https://www.curseforge.com/minecraft/mc-mods/target-dummy","https://media.forgecdn.net/avatars/thumbnails/192/470/256/256/636863936302672809.png","target-dummy.png","Downloaded","2026-10-10"
"Terralith","Terralith","CurseForge","https://www.curseforge.com/minecraft/mc-mods/terralith","https://media.forgecdn.net/avatars/thumbnails/554/659/256/256/637897033487568646.png","terralith.png","Downloaded","2026-10-10"
"The Darkness Will Find You","The Darkness Will Find You","CurseForge","https://www.curseforge.com/minecraft/mc-mods/the-darkness-will-find-you","https://media.forgecdn.net/avatars/thumbnails/980/938/256/256/638487380831695811.png","the-darkness-will-find-you.png","Downloaded","2026-10-10"
"The Graveyard","The Graveyard (Unofficial Port)","CurseForge","https://www.curseforge.com/minecraft/mc-mods/the-graveyard-unofficial-port","https://media.forgecdn.net/avatars/thumbnails/1853/63/256/256/639165059555713227.webp","the-graveyard.png","Downloaded","2026-10-10"
"Thunder Strike Enchantment","Thunder Strike Enchantment (Fabric/Forge/NeoForge/Quilt)","CurseForge","https://www.curseforge.com/minecraft/mc-mods/thunder-strike-enchantment","https://media.forgecdn.net/avatars/thumbnails/1528/8/256/256/638992396219788463.png","thunder-strike-enchantment.png","Downloaded","2026-10-10"
"Tom's Simple Storage","Tom's Simple Storage Mod","CurseForge","https://www.curseforge.com/minecraft/mc-mods/toms-storage","https://media.forgecdn.net/avatars/thumbnails/266/898/256/256/637234057062921445.png","tom-s-simple-storage.png","Downloaded","2026-10-10"
"Too Many Bows","Too Many Bows","CurseForge","https://www.curseforge.com/minecraft/mc-mods/too-many-bows","https://media.forgecdn.net/avatars/thumbnails/1123/419/256/256/638679892184314610.png","too-many-bows.png","Downloaded","2026-10-10"
"Tool Belt","Tool Belt","CurseForge","https://www.curseforge.com/minecraft/mc-mods/tool-belt","https://media.forgecdn.net/avatars/thumbnails/88/400/256/256/636223857507356095.png","tool-belt.png","Downloaded","2026-10-10"
"Towers of Chambers","Towers of Chambers","CurseForge","https://www.curseforge.com/minecraft/mc-mods/towers-of-chambers","https://media.forgecdn.net/avatars/thumbnails/2015/165/256/256/639236294802287887.png","towers-of-chambers.png","Downloaded","2026-10-10"
"Towns and Towers","Towns and Towers","CurseForge","https://www.curseforge.com/minecraft/mc-mods/towns-and-towers","https://media.forgecdn.net/avatars/thumbnails/551/161/256/256/637888384577155054.png","towns-and-towers.png","Downloaded","2026-10-10"
"True Shot Enchantment","True Shot Enchantment (Fabric/Forge/NeoForge/Quilt)","CurseForge","https://www.curseforge.com/minecraft/mc-mods/true-shot-enchantment","https://media.forgecdn.net/avatars/thumbnails/1225/434/256/256/638803237388438979.png","true-shot-enchantment.png","Downloaded","2026-10-10"
"Ultimate Warden","Ultimate Warden","CurseForge","https://www.curseforge.com/minecraft/mc-mods/ultimate-warden","https://media.forgecdn.net/avatars/thumbnails/1683/97/256/256/639069279601896746.png","ultimate-warden.png","Downloaded","2026-10-10"
"Underground Villages","Underground Villages","CurseForge","https://www.curseforge.com/minecraft/mc-mods/underground-villages","https://media.forgecdn.net/avatars/thumbnails/528/226/256/256/637850626719654459.png","underground-villages.png","Downloaded","2026-10-10"
"Universal Bone Meal","Universal Bone Meal","CurseForge","https://www.curseforge.com/minecraft/mc-mods/universal-bone-meal","https://media.forgecdn.net/avatars/thumbnails/802/932/256/256/638168021733369196.png","universal-bone-meal.png","Downloaded","2026-10-10"
"Universal Enchants","Universal Enchants","CurseForge","https://www.curseforge.com/minecraft/mc-mods/universal-enchants","https://media.forgecdn.net/avatars/thumbnails/1855/861/256/256/639166315261022535.png","universal-enchants.png","Downloaded","2026-10-10"
"Vehicle Upgrade","Vehicle Upgrade","CurseForge","https://www.curseforge.com/minecraft/mc-mods/vehicle-upgrade","https://media.forgecdn.net/avatars/thumbnails/1487/397/256/256/638966590062079180.png","vehicle-upgrade.png","Downloaded","2026-10-10"
"Waystones","Waystones","CurseForge","https://www.curseforge.com/minecraft/mc-mods/waystones","https://media.forgecdn.net/avatars/thumbnails/1107/108/256/256/638657104456838765.png","waystones.png","Downloaded","2026-10-10"
"Wild Pets","Wild Pets","CurseForge","https://www.curseforge.com/minecraft/mc-mods/wild-pets","https://media.forgecdn.net/avatars/thumbnails/2023/513/256/256/639239753086827526.png","wild-pets.png","Downloaded","2026-10-10"
"William Wythers' Overhauled Overworld","William Wythers' Overhauled Overworld","CurseForge","https://www.curseforge.com/minecraft/mc-mods/william-wythers-overhauled-overworld","https://media.forgecdn.net/avatars/thumbnails/886/990/256/256/638323833924595331.png","william-wythers-overhauled-overworld.png","Downloaded","2026-10-10"
"Withered Lands","Withered Lands","CurseForge","https://www.curseforge.com/minecraft/mc-mods/withered-lands","https://media.forgecdn.net/avatars/thumbnails/1588/734/256/256/639027911651808216.png","withered-lands.png","Downloaded","2026-10-10"
"Wizards","Wizards (RPG Series)","CurseForge","https://www.curseforge.com/minecraft/mc-mods/wizards","https://media.forgecdn.net/avatars/thumbnails/759/262/256/256/638095463306854514.png","wizards.png","Downloaded","2026-10-10"
"World Bosses","World Bosses","CurseForge","https://www.curseforge.com/minecraft/mc-mods/world-bosses","https://media.forgecdn.net/avatars/thumbnails/1812/784/256/256/639146179847174399.png","world-bosses.png","Downloaded","2026-10-10"
"Xaero's Map Multiplayer","Xaero's Maps: Multiplayer+","CurseForge","https://www.curseforge.com/minecraft/mc-mods/xaeros-maps-multiplayer-plus","https://media.forgecdn.net/avatars/thumbnails/1777/253/256/256/639128190597907666.png","xaero-s-map-multiplayer.png","Downloaded","2026-10-10"
"Xaero's World Map","Xaero's World Map","CurseForge","https://www.curseforge.com/minecraft/mc-mods/xaeros-world-map","https://media.forgecdn.net/avatars/thumbnails/196/654/256/256/636886857118683130.png","xaero-s-world-map.png","Downloaded","2026-10-10"
